Memory Area, Module, Name, Size, Address, Decimal Address, Filename, See bottom for collated totals
FLASH,Other, cy_m0plus_image, 3104, 0x0000000010000000, 268435456, ./RTE/WICED_MCU/psoc62_cm0plus_image.o
FLASH,Interrupt Vectors, rodata.interrupt_vector_table, 652, 0x0000000010002000, 268443648, ./RTE/WICED_MCU/platform_vector_table.o
FLASH,Other, text.irq, 70, 0x0000000010002600, 268445184, ./RTE/WICED_PLATFORM/platform.o
FLASH,Other, text.irq, 360, 0x0000000010002646, 268445254, ./RTE/WICED_MCU/platform_gpio.o
FLASH,Other, text.irq, 22, 0x00000000100027ae, 268445614, ./RTE/WICED_MCU/platform_pdm_pcm.o
FLASH,Other, text.irq, 24, 0x00000000100027c4, 268445636, ./RTE/WICED_MCU/platform_unhandled_isr.o
FLASH,Other, text.irq, 66, 0x00000000100027dc, 268445660, ./RTE/WICED_MCU/wwd_SDIO.o
FLASH,Startup Stack & Link Script fill, fill, 2, 0x000000001000281e, 268445726, ./RTE/WICED_MCU/wwd_SDIO.o
FLASH,Other, text.irq, 32, 0x0000000010002820, 268445728, ./RTE/WICED_BASE/noos.o
FLASH,Other, text.startup.main, 98, 0x0000000010002840, 268445760, ./RTE/WICED_WAF_APPS/bootloader.o
FLASH,Startup Stack & Link Script fill, fill, 2, 0x00000000100028a2, 268445858, ./RTE/WICED_WAF_APPS/bootloader.o
FLASH,Other, text.platform_init_peripheral_irq_priorities, 84, 0x00000000100028a4, 268445860, ./RTE/WICED_PLATFORM/platform.o
FLASH,Other, text.platform_led_init, 68, 0x00000000100028f8, 268445944, ./RTE/WICED_PLATFORM/platform.o
FLASH,Other, text.platform_init_external_devices, 24, 0x000000001000293c, 268446012, ./RTE/WICED_PLATFORM/platform.o
FLASH,Other, text.__NVIC_DisableIRQ, 36, 0x0000000010002954, 268446036, ./RTE/WICED_MCU/SDIO_HOST.o
FLASH,Other, text.SDIO_IRQ, 140, 0x0000000010002978, 268446072, ./RTE/WICED_MCU/SDIO_HOST.o
FLASH,Other, text.SDIO_READ_DMA_IRQ, 200, 0x0000000010002a04, 268446212, ./RTE/WICED_MCU/SDIO_HOST.o
FLASH,Other, text.SDIO_WRITE_DMA_IRQ, 200, 0x0000000010002acc, 268446412, ./RTE/WICED_MCU/SDIO_HOST.o
FLASH,Other, text.Cy_SysLib_GetDeviceRevision, 18, 0x0000000010002b94, 268446612, ./RTE/WICED_MCU/cy_flash.o
FLASH,Startup Stack & Link Script fill, fill, 2, 0x0000000010002ba6, 268446630, ./RTE/WICED_MCU/cy_flash.o
FLASH,Other, text.Cy_SysClk_ClkSlowGetDivider, 16, 0x0000000010002ba8, 268446632, ./RTE/WICED_MCU/cy_flash.o
FLASH,Other, text.Cy_Flash_ProcessOpcode, 164, 0x0000000010002bb8, 268446648, ./RTE/WICED_MCU/cy_flash.o
FLASH,Other, text.Cy_Flash_GetRowNum, 54, 0x0000000010002c5c, 268446812, ./RTE/WICED_MCU/cy_flash.o
FLASH,Other, text.Cy_Flash_BoundsCheck, 26, 0x0000000010002c92, 268446866, ./RTE/WICED_MCU/cy_flash.o
FLASH,Other, text.Cy_Flash_OperationStatus, 68, 0x0000000010002cac, 268446892, ./RTE/WICED_MCU/cy_flash.o
FLASH,Other, text.Cy_Flash_WriteRow, 124, 0x0000000010002cf0, 268446960, ./RTE/WICED_MCU/cy_flash.o
FLASH,Other, text.Cy_GPIO_SetHSIOM, 112, 0x0000000010002d6c, 268447084, ./RTE/WICED_MCU/cy_gpio.o
FLASH,Other, text.Cy_GPIO_Pin_FastInit, 128, 0x0000000010002ddc, 268447196, ./RTE/WICED_MCU/cy_gpio.o
FLASH,Other, text.Cy_IPC_Drv_LockRelease, 48, 0x0000000010002e5c, 268447324, ./RTE/WICED_MCU/cy_ipc_drv.o
FLASH,Other, text.Cy_IPC_Drv_SendMsgWord, 52, 0x0000000010002e8c, 268447372, ./RTE/WICED_MCU/cy_ipc_drv.o
FLASH,Other, text.Cy_IPC_Pipe_SendMessage, 156, 0x0000000010002ec0, 268447424, ./RTE/WICED_MCU/cy_ipc_pipe.o
FLASH,Other, text.Cy_IPC_Sema_Clear, 132, 0x0000000010002f5c, 268447580, ./RTE/WICED_MCU/cy_ipc_sema.o
FLASH,Other, text.Cy_IPC_Sema_Status, 60, 0x0000000010002fe0, 268447712, ./RTE/WICED_MCU/cy_ipc_sema.o
FLASH,Other, text.Cy_SCB_Write, 34, 0x000000001000301c, 268447772, ./RTE/WICED_MCU/cy_scb_common.o
FLASH,Startup Stack & Link Script fill, fill, 2, 0x000000001000303e, 268447806, ./RTE/WICED_MCU/cy_scb_common.o
FLASH,Other, text.Cy_SMIF_TimeoutRun, 36, 0x0000000010003040, 268447808, ./RTE/WICED_MCU/cy_smif.o
FLASH,Other, text.Cy_SMIF_Init, 144, 0x0000000010003064, 268447844, ./RTE/WICED_MCU/cy_smif.o
FLASH,Other, text.Cy_SMIF_SetDataSelect, 116, 0x00000000100030f4, 268447988, ./RTE/WICED_MCU/cy_smif.o
FLASH,Other, text.Cy_SMIF_TransmitCommand, 220, 0x0000000010003168, 268448104, ./RTE/WICED_MCU/cy_smif.o
FLASH,Other, text.Cy_SMIF_ReceiveData, 128, 0x0000000010003244, 268448324, ./RTE/WICED_MCU/cy_smif.o
FLASH,Other, text.Cy_SMIF_ReceiveDataBlocking, 464, 0x00000000100032c4, 268448452, ./RTE/WICED_MCU/cy_smif.o
FLASH,Other, text.Cy_SMIF_SendDummyCycles, 44, 0x0000000010003494, 268448916, ./RTE/WICED_MCU/cy_smif.o
FLASH,Other, text.Cy_SMIF_Enable, 28, 0x00000000100034c0, 268448960, ./RTE/WICED_MCU/cy_smif.o
FLASH,Other, text.Cy_SMIF_Memslot_CmdWriteEnable, 60, 0x00000000100034dc, 268448988, ./RTE/WICED_MCU/cy_smif_memslot.o
FLASH,Other, text.Cy_SMIF_Memslot_CmdReadSts, 58, 0x0000000010003518, 268449048, ./RTE/WICED_MCU/cy_smif_memslot.o
FLASH,Startup Stack & Link Script fill, fill, 2, 0x0000000010003552, 268449106, ./RTE/WICED_MCU/cy_smif_memslot.o
FLASH,Other, text.Cy_SMIF_Memslot_IsBusy, 84, 0x0000000010003554, 268449108, ./RTE/WICED_MCU/cy_smif_memslot.o
FLASH,Other, text.Cy_SMIF_Memslot_CmdWriteSts, 72, 0x00000000100035a8, 268449192, ./RTE/WICED_MCU/cy_smif_memslot.o
FLASH,Other, text.Cy_SMIF_Memslot_QuadEnable, 252, 0x00000000100035f0, 268449264, ./RTE/WICED_MCU/cy_smif_memslot.o
FLASH,Other, text.Cy_SMIF_Memslot_CmdRead, 152, 0x00000000100036ec, 268449516, ./RTE/WICED_MCU/cy_smif_memslot.o
FLASH,Other, text.Cy_SysLib_DelayUs, 16, 0x0000000010003784, 268449668, ./RTE/WICED_MCU/cy_syslib.o
FLASH,Other, text.Cy_SysLib_AssertFailed, 28, 0x0000000010003794, 268449684, ./RTE/WICED_MCU/cy_syslib.o
FLASH,Other, text, 32, 0x00000000100037b0, 268449712, ./RTE/WICED_MCU/cy_syslib_gcc.o
FLASH,Other, text.Cy_WDT_Lock, 32, 0x00000000100037d0, 268449744, ./RTE/WICED_MCU/cy_wdt.o
FLASH,Other, text.Cy_WDT_SetMatch, 36, 0x00000000100037f0, 268449776, ./RTE/WICED_MCU/cy_wdt.o
FLASH,Other, text.Cy_WDT_SetIgnoreBits, 40, 0x0000000010003814, 268449812, ./RTE/WICED_MCU/cy_wdt.o
FLASH,Other, text.Cy_WDT_Init, 80, 0x000000001000383c, 268449852, ./RTE/WICED_MCU/cy_wdt.o
FLASH,Other, text.Cy_WDT_ClearInterrupt, 20, 0x000000001000388c, 268449932, ./RTE/WICED_MCU/cy_wdt.o
FLASH,Other, text.Cy_WDT_ClearWatchdog, 4, 0x00000000100038a0, 268449952, ./RTE/WICED_MCU/cy_wdt.o
FLASH,Other, text.Cy_GPIO_ClearInterrupt, 36, 0x00000000100038a4, 268449956, ./RTE/WICED_MCU/platform_gpio.o
FLASH,Other, text.platform_gpio_isr_handler.part.2, 112, 0x00000000100038c8, 268449992, ./RTE/WICED_MCU/platform_gpio.o
FLASH,Other, text.is_valid_pin, 64, 0x0000000010003938, 268450104, ./RTE/WICED_MCU/platform_gpio.o
FLASH,Other, text.get_gpio_port_pin_index, 46, 0x0000000010003978, 268450168, ./RTE/WICED_MCU/platform_gpio.o
FLASH,Startup Stack & Link Script fill, fill, 2, 0x00000000100039a6, 268450214, ./RTE/WICED_MCU/platform_gpio.o
FLASH,Other, text.platform_gpio_init, 136, 0x00000000100039a8, 268450216, ./RTE/WICED_MCU/platform_gpio.o
FLASH,Other, text.platform_gpio_output_high, 64, 0x0000000010003a30, 268450352, ./RTE/WICED_MCU/platform_gpio.o
FLASH,Other, text.platform_gpio_irq_manager_init, 104, 0x0000000010003a70, 268450416, ./RTE/WICED_MCU/platform_gpio.o
FLASH,Other, text.platform_mcu_reset, 36, 0x0000000010003ad8, 268450520, ./RTE/WICED_MCU/platform_init.o
FLASH,Other, text.platform_init_system_clocks, 2, 0x0000000010003afc, 268450556, ./RTE/WICED_MCU/platform_init.o
FLASH,Other, text.platform_init_memory, 2, 0x0000000010003afe, 268450558, ./RTE/WICED_MCU/platform_init.o
FLASH,Other, text.platform_init_mcu_infrastructure, 68, 0x0000000010003b00, 268450560, ./RTE/WICED_MCU/platform_init.o
FLASH,Other, text.platform_pdm_pcm_irq, 64, 0x0000000010003b44, 268450628, ./RTE/WICED_MCU/platform_pdm_pcm.o
FLASH,Other, text.scb_uart_enable_rx_irq, 14, 0x0000000010003b84, 268450692, ./RTE/WICED_MCU/platform_uart.o
FLASH,Other, text.scb_uart_enable_tx_irq, 14, 0x0000000010003b92, 268450706, ./RTE/WICED_MCU/platform_uart.o
FLASH,Other, text.platform_uart_irq, 328, 0x0000000010003ba0, 268450720, ./RTE/WICED_MCU/platform_uart.o
FLASH,Other, text.platform_watchdog_init, 40, 0x0000000010003ce8, 268451048, ./RTE/WICED_MCU/platform_watchdog.o
FLASH,Other, text.platform_watchdog_kick, 10, 0x0000000010003d10, 268451088, ./RTE/WICED_MCU/platform_watchdog.o
FLASH,Startup Stack & Link Script fill, fill, 2, 0x0000000010003d1a, 268451098, ./RTE/WICED_MCU/platform_watchdog.o
FLASH,Other, text.SystemCoreClockUpdate, 380, 0x0000000010003d1c, 268451100, ./RTE/WICED_MCU/system_psoc62_cm4.o
FLASH,Other, text.platform_start_app, 52, 0x0000000010003e98, 268451480, ./RTE/WICED_MCU/waf_platform.o
FLASH,Other, text.crc32, 36, 0x0000000010003ecc, 268451532, ./RTE/WICED_LIB_BASE/crc.o
FLASH,Other, text.ring_buffer_consume, 20, 0x0000000010003ef0, 268451568, ./RTE/WICED_LIB_BASE/ring_buffer.o
FLASH,Other, text.ring_buffer_free_space, 22, 0x0000000010003f04, 268451588, ./RTE/WICED_LIB_BASE/ring_buffer.o
FLASH,Other, text.ring_buffer_used_space, 20, 0x0000000010003f1a, 268451610, ./RTE/WICED_LIB_BASE/ring_buffer.o
FLASH,Other, text.ring_buffer_read, 78, 0x0000000010003f2e, 268451630, ./RTE/WICED_LIB_BASE/ring_buffer.o
FLASH,Other, text.Cy_SMIF_PackBytesArray, 26, 0x0000000010003f7c, 268451708, ./RTE/WICED_DRIVER_BASE/spi_flash.o
FLASH,Other, text.RxCmpltCallback, 2, 0x0000000010003f96, 268451734, ./RTE/WICED_DRIVER_BASE/spi_flash.o
FLASH,Other, text.platform_read_memory.isra.2, 180, 0x0000000010003f98, 268451736, ./RTE/WICED_DRIVER_BASE/spi_flash.o
FLASH,Other, text.sflash_read, 18, 0x000000001000404c, 268451916, ./RTE/WICED_DRIVER_BASE/spi_flash.o
FLASH,Other, text.deinit_sflash, 4, 0x000000001000405e, 268451934, ./RTE/WICED_DRIVER_BASE/spi_flash.o
FLASH,Startup Stack & Link Script fill, fill, 2, 0x0000000010004062, 268451938, ./RTE/WICED_DRIVER_BASE/spi_flash.o
FLASH,Other, text.init_sflash, 248, 0x0000000010004064, 268451940, ./RTE/WICED_DRIVER_BASE/spi_flash.o
FLASH,Other, text.platform_smif_irq, 716, 0x000000001000415c, 268452188, ./RTE/WICED_DRIVER_BASE/spi_flash.o
FLASH,platform, text._start, 204, 0x0000000010004428, 268452904, ./RTE/WICED_BASE/crt0_GCC.o
FLASH,Other, text.platform_toolchain_sbrk_prepare, 2, 0x00000000100044f4, 268453108, ./RTE/WICED_BASE/mem_newlib.o
FLASH,Startup Stack & Link Script fill, fill, 2, 0x00000000100044f6, 268453110, ./RTE/WICED_BASE/mem_newlib.o
FLASH,Other, text._sbrk, 64, 0x00000000100044f8, 268453112, ./RTE/WICED_BASE/mem_newlib.o
FLASH,Other, text.platform_init_rtos_irq_priorities, 32, 0x0000000010004538, 268453176, ./RTE/WICED_BASE/noos.o
FLASH,Other, text.wiced_apps_get_physical_address, 116, 0x0000000010004558, 268453208, ./RTE/WICED_BASE/wiced_apps_common.o
FLASH,Other, text.wiced_apps_read, 148, 0x00000000100045cc, 268453324, ./RTE/WICED_BASE/wiced_apps_common.o
FLASH,Other, text.wiced_dct_copy_sflash, 112, 0x0000000010004660, 268453472, ./RTE/WICED_BASE/wiced_dct_internal_common.o
FLASH,Other, text.wiced_dct_generate_crc_from_flash.constprop.2, 62, 0x00000000100046d0, 268453584, ./RTE/WICED_BASE/wiced_dct_internal_common.o
FLASH,Startup Stack & Link Script fill, fill, 2, 0x000000001000470e, 268453646, ./RTE/WICED_BASE/wiced_dct_internal_common.o
FLASH,Other, text.wiced_dct_finish_new_dct, 232, 0x0000000010004710, 268453648, ./RTE/WICED_BASE/wiced_dct_internal_common.o
FLASH,Other, text.wiced_dct_validate_and_determine_version, 210, 0x00000000100047f8, 268453880, ./RTE/WICED_BASE/wiced_dct_internal_common.o
FLASH,Startup Stack & Link Script fill, fill, 2, 0x00000000100048ca, 268454090, ./RTE/WICED_BASE/wiced_dct_internal_common.o
FLASH,Other, text.wiced_dct_erase_non_current_dct, 24, 0x00000000100048cc, 268454092, ./RTE/WICED_BASE/wiced_dct_internal_common.o
FLASH,Other, text.wiced_dct_get_current_address, 336, 0x00000000100048e4, 268454116, ./RTE/WICED_BASE/wiced_dct_internal_common.o
FLASH,Other, text.wiced_dct_read_with_copy, 38, 0x0000000010004a34, 268454452, ./RTE/WICED_BASE/wiced_dct_internal_common.o
FLASH,Startup Stack & Link Script fill, fill, 2, 0x0000000010004a5a, 268454490, ./RTE/WICED_BASE/wiced_dct_internal_common.o
FLASH,Other, text.wiced_dct_start_new_from_current.part.0, 164, 0x0000000010004a5c, 268454492, ./RTE/WICED_BASE/wiced_dct_internal_common.o
FLASH,Other, text.wiced_dct_write_boot_details, 120, 0x0000000010004b00, 268454656, ./RTE/WICED_BASE/wiced_dct_internal_common.o
FLASH,Other, text.wiced_dct_minimal_check_dct_header, 40, 0x0000000010004b78, 268454776, ./RTE/WICED_BASE/wiced_dct_update.o
FLASH,Other, text.wiced_dct_minimal_check_dct_version, 36, 0x0000000010004ba0, 268454816, ./RTE/WICED_BASE/wiced_dct_update.o
FLASH,Other, text.wiced_waf_app_load, 190, 0x0000000010004bc4, 268454852, ./RTE/WICED_BASE/wiced_waf_common.o
FLASH,Other, text.wiced_waf_start_app, 4, 0x0000000010004c82, 268455042, ./RTE/WICED_BASE/wiced_waf_common.o
FLASH,Other, text.host_rtos_set_semaphore, 22, 0x0000000010004c86, 268455046, ./RTE/WICED_BASE/wwd_rtos.o
FLASH,Other, text.calloc, 16, 0x0000000010004c9c, 268455068, /Applications/ModusToolbox
FLASH,Other, text._calloc_r, 96, 0x0000000010004cac, 268455084, /Applications/ModusToolbox
FLASH,Other, text.free, 16, 0x0000000010004d0c, 268455180, /Applications/ModusToolbox
FLASH,Other, text._malloc_r, 1316, 0x0000000010004d1c, 268455196, /Applications/ModusToolbox
FLASH,Other, text, 308, 0x0000000010005240, 268456512, /Applications/ModusToolbox
FLASH,Other, text.memset, 156, 0x0000000010005374, 268456820, /Applications/ModusToolbox
FLASH,Other, text.__malloc_lock, 4, 0x0000000010005410, 268456976, /Applications/ModusToolbox
FLASH,Other, text.__malloc_unlock, 4, 0x0000000010005414, 268456980, /Applications/ModusToolbox
FLASH,Other, text.mallinfo, 20, 0x0000000010005418, 268456984, /Applications/ModusToolbox
FLASH,Other, text._sbrk_r, 36, 0x000000001000542c, 268457004, /Applications/ModusToolbox
FLASH,Other, text.strncpy, 104, 0x0000000010005450, 268457040, /Applications/ModusToolbox
FLASH,Other, text._malloc_trim_r, 156, 0x00000000100054b8, 268457144, /Applications/ModusToolbox
FLASH,Other, text._free_r, 432, 0x0000000010005554, 268457300, /Applications/ModusToolbox
FLASH,Other, text.__malloc_update_mallinfo, 84, 0x0000000010005704, 268457732, /Applications/ModusToolbox
FLASH,Other, text._mallinfo_r, 52, 0x0000000010005758, 268457816, /Applications/ModusToolbox
FLASH,Startup Stack & Link Script fill, fill, 4, 0x000000001000578c, 268457868, /Applications/ModusToolbox
FLASH,Other, text._mallinfo_r.__stub, 64, 0x0000000010005790, 268457872, linker
FLASH,Other, rodata.platform_gpio_pins, 1200, 0x00000000100057d0, 268457936, ./RTE/WICED_PLATFORM/platform.o
FLASH,Other, rodata.str1.1, 256, 0x0000000010005c80, 268459136, ./RTE/WICED_MCU/cy_gpio.o
FLASH,Other, rodata.str1.1, 260, 0x0000000010005d80, 268459392, ./RTE/WICED_MCU/cy_ipc_drv.o
FLASH,Other, rodata.str1.1, 131, 0x0000000010005e84, 268459652, ./RTE/WICED_MCU/cy_ipc_pipe.o
FLASH,Other, rodata.str1.1, 128, 0x0000000010005f07, 268459783, ./RTE/WICED_MCU/cy_smif.o
FLASH,Other, rodata.str1.1, 136, 0x0000000010005f87, 268459911, ./RTE/WICED_MCU/cy_smif_memslot.o
FLASH,Startup Stack & Link Script fill, fill, 1, 0x000000001000600f, 268460047, ./RTE/WICED_MCU/platform_gpio.o
FLASH,Other, rodata.platform_gpio_table, 224, 0x0000000010006010, 268460048, ./RTE/WICED_MCU/platform_gpio.o
FLASH,Other, rodata.crc32_table, 1024, 0x00000000100060f0, 268460272, ./RTE/WICED_LIB_BASE/crc.o
FLASH,Other, rodata.S25FL512S_SlaveSlot_0, 28, 0x00000000100064f0, 268461296, ./RTE/WICED_DRIVER_BASE/cy_smif_memconfig.o
FLASH,Other, rodata.DCT_section_offsets, 52, 0x000000001000650c, 268461324, ./RTE/WICED_BASE/wiced_dct_internal_common.o
FLASH,Other, rodata.str1.4, 4, 0x0000000010006540, 268461376, /Applications/ModusToolbox
FLASH,Startup Stack & Link Script fill, fill, 12, 0x0000000010006544, 268461380, /Applications/ModusToolbox
FLASH,Other, cy_ramfunc, 420, 0x0000000010006550, 268461392, ./RTE/WICED_MCU/cy_flash.o
RAM,Other, fast, 350, 0x0000000008044000, 134496256, ./RTE/WICED_MCU/waf_platform.o
RAM,Startup Stack & Link Script fill, fill, 2, 0x000000000804415e, 134496606, ./RTE/WICED_MCU/waf_platform.o
RAM,Other, fast.__stub, 32, 0x0000000008044160, 134496608, linker
RAM,Other, data.ipcWaitMessage.11175, 4, 0x0000000008044180, 134496640, ./RTE/WICED_MCU/cy_flash.o
RAM,Other, data.cy_Hfclk0FreqHz, 4, 0x0000000008044184, 134496644, ./RTE/WICED_MCU/system_psoc62_cm4.o
RAM,Other, data.cy_PeriClkFreqHz, 4, 0x0000000008044188, 134496648, ./RTE/WICED_MCU/system_psoc62_cm4.o
RAM,Other, data.cy_delayFreqMhz, 1, 0x000000000804418c, 134496652, ./RTE/WICED_MCU/system_psoc62_cm4.o
RAM,Startup Stack & Link Script fill, fill, 3, 0x000000000804418d, 134496653, ./RTE/WICED_MCU/system_psoc62_cm4.o
RAM,Other, data.SystemCoreClock, 4, 0x0000000008044190, 134496656, ./RTE/WICED_MCU/system_psoc62_cm4.o
RAM,Other, data.cy_delayFreqHz, 4, 0x0000000008044194, 134496660, ./RTE/WICED_MCU/system_psoc62_cm4.o
RAM,Other, data.cy_delayFreqKhz, 4, 0x0000000008044198, 134496664, ./RTE/WICED_MCU/system_psoc62_cm4.o
RAM,Other, data.cy_delay32kMs, 4, 0x000000000804419c, 134496668, ./RTE/WICED_MCU/system_psoc62_cm4.o
RAM,Other, data.S25FL512S_0_readCmd, 24, 0x00000000080441a0, 134496672, ./RTE/WICED_DRIVER_BASE/cy_smif_memconfig.o
RAM,Other, data.S25FL512S_0_eraseCmd, 24, 0x00000000080441b8, 134496696, ./RTE/WICED_DRIVER_BASE/cy_smif_memconfig.o
RAM,Other, data.S25FL512S_0_writeEnCmd, 24, 0x00000000080441d0, 134496720, ./RTE/WICED_DRIVER_BASE/cy_smif_memconfig.o
RAM,Other, data.S25FL512S_0_writeStsRegQeCmd, 24, 0x00000000080441e8, 134496744, ./RTE/WICED_DRIVER_BASE/cy_smif_memconfig.o
RAM,Other, data.smifMemConfigs, 4, 0x0000000008044200, 134496768, ./RTE/WICED_DRIVER_BASE/cy_smif_memconfig.o
RAM,Other, data.S25FL512S_0_readStsRegQeCmd, 24, 0x0000000008044204, 134496772, ./RTE/WICED_DRIVER_BASE/cy_smif_memconfig.o
RAM,Other, data.S25FL512S_0_programCmd, 24, 0x000000000804421c, 134496796, ./RTE/WICED_DRIVER_BASE/cy_smif_memconfig.o
RAM,Other, data.deviceCfg_S25FL512S_0, 76, 0x0000000008044234, 134496820, ./RTE/WICED_DRIVER_BASE/cy_smif_memconfig.o
RAM,Other, data.S25FL512S_0_chipEraseCmd, 24, 0x0000000008044280, 134496896, ./RTE/WICED_DRIVER_BASE/cy_smif_memconfig.o
RAM,Other, data.S25FL512S_0_readStsRegWipCmd, 24, 0x0000000008044298, 134496920, ./RTE/WICED_DRIVER_BASE/cy_smif_memconfig.o
RAM,Other, data.S25FL512S_0_writeDisCmd, 24, 0x00000000080442b0, 134496944, ./RTE/WICED_DRIVER_BASE/cy_smif_memconfig.o
RAM,Other, data.sbrk_heap_top, 4, 0x00000000080442c8, 134496968, ./RTE/WICED_BASE/mem_newlib.o
RAM,Startup Stack & Link Script fill, fill, 4, 0x00000000080442cc, 134496972, ./RTE/WICED_BASE/mem_newlib.o
RAM,Other, data.impure_data, 1064, 0x00000000080442d0, 134496976, /Applications/ModusToolbox
RAM,Other, data._impure_ptr, 4, 0x00000000080446f8, 134498040, /Applications/ModusToolbox
RAM,Other, data.__malloc_av_, 1032, 0x00000000080446fc, 134498044, /Applications/ModusToolbox
RAM,Other, data.__malloc_trim_threshold, 4, 0x0000000008044b04, 134499076, /Applications/ModusToolbox
RAM,Other, data.__malloc_sbrk_base, 4, 0x0000000008044b08, 134499080, /Applications/ModusToolbox
RAM,Other, noinit, 80, 0x0000000008044b0c, 134499084, ./RTE/WICED_MCU/cy_syslib.o
RAM,Other, bss.noos_total_time, 4, 0x0000000008044b5c, 134499164, ./RTE/WICED_BASE/noos.o
RAM,Other, bss.yCounts, 4, 0x0000000008044b60, 134499168, ./RTE/WICED_MCU/SDIO_HOST.o
RAM,Other, bss.sdio_transfer_finished_semaphore, 1, 0x0000000008044b64, 134499172, ./RTE/WICED_MCU/SDIO_HOST.o
RAM,Startup Stack & Link Script fill, fill, 3, 0x0000000008044b65, 134499173, ./RTE/WICED_MCU/SDIO_HOST.o
RAM,Other, bss.readDesr1, 24, 0x0000000008044b68, 134499176, ./RTE/WICED_MCU/SDIO_HOST.o
RAM,Other, bss.writeDesr0, 24, 0x0000000008044b80, 134499200, ./RTE/WICED_MCU/SDIO_HOST.o
RAM,Other, bss.readDesr0, 24, 0x0000000008044b98, 134499224, ./RTE/WICED_MCU/SDIO_HOST.o
RAM,Other, bss.gstcInternalData, 8, 0x0000000008044bb0, 134499248, ./RTE/WICED_MCU/SDIO_HOST.o
RAM,Other, bss.writeDesr1, 24, 0x0000000008044bb8, 134499256, ./RTE/WICED_MCU/SDIO_HOST.o
RAM,Other, bss.yCountRemainder, 4, 0x0000000008044bd0, 134499280, ./RTE/WICED_MCU/SDIO_HOST.o
RAM,Other, bss.semaMask.11157, 4, 0x0000000008044bd4, 134499284, ./RTE/WICED_MCU/cy_flash.o
RAM,Other, bss.semaIndex.11156, 4, 0x0000000008044bd8, 134499288, ./RTE/WICED_MCU/cy_flash.o
RAM,Other, bss.semaStruct.11159, 4, 0x0000000008044bdc, 134499292, ./RTE/WICED_MCU/cy_flash.o
RAM,Other, bss.semaPtr.11158, 4, 0x0000000008044be0, 134499296, ./RTE/WICED_MCU/cy_flash.o
RAM,Other, bss.flashContext, 16, 0x0000000008044be4, 134499300, ./RTE/WICED_MCU/cy_flash.o
RAM,Other, bss.cy_ipc_pipe_epArray, 4, 0x0000000008044bf4, 134499316, ./RTE/WICED_MCU/cy_ipc_pipe.o
RAM,Other, bss.cy_semaIpcStruct, 4, 0x0000000008044bf8, 134499320, ./RTE/WICED_MCU/cy_ipc_sema.o
RAM,Other, bss.gpio_pin_cfg, 360, 0x0000000008044bfc, 134499324, ./RTE/WICED_MCU/platform_gpio.o
RAM,Other, bss.gpio_irq_data, 1440, 0x0000000008044d64, 134499684, ./RTE/WICED_MCU/platform_gpio.o
RAM,Other, bss.rx_complete, 1, 0x0000000008045304, 134501124, ./RTE/WICED_MCU/platform_pdm_pcm.o
RAM,Startup Stack & Link Script fill, fill, 3, 0x0000000008045305, 134501125, ./RTE/WICED_MCU/platform_pdm_pcm.o
RAM,Other, bss.pdm_pcm_base, 4, 0x0000000008045308, 134501128, ./RTE/WICED_MCU/platform_pdm_pcm.o
RAM,Other, bss.scb_uart_driver, 32, 0x000000000804530c, 134501132, ./RTE/WICED_MCU/platform_uart.o
RAM,Other, bss.smif_block_context, 40, 0x000000000804532c, 134501164, ./RTE/WICED_DRIVER_BASE/spi_flash.o
RAM,Other, bss.mask_address_in_sector, 4, 0x0000000008045354, 134501204, ./RTE/WICED_DRIVER_BASE/spi_flash.o
RAM,Other, bss.backup_sector_address, 4, 0x0000000008045358, 134501208, ./RTE/WICED_DRIVER_BASE/spi_flash.o
RAM,Other, bss.memory_size, 4, 0x000000000804535c, 134501212, ./RTE/WICED_DRIVER_BASE/spi_flash.o
RAM,Other, bss.erase_sector_size, 4, 0x0000000008045360, 134501216, ./RTE/WICED_DRIVER_BASE/spi_flash.o
RAM,Other, bss.__malloc_max_total_mem, 4, 0x0000000008045364, 134501220, /Applications/ModusToolbox
RAM,Other, bss.__malloc_max_sbrked_mem, 4, 0x0000000008045368, 134501224, /Applications/ModusToolbox
RAM,Other, bss.__malloc_top_pad, 4, 0x000000000804536c, 134501228, /Applications/ModusToolbox
RAM,Other, bss.__malloc_current_mallinfo, 40, 0x0000000008045370, 134501232, /Applications/ModusToolbox
RAM,Other, COMMON, 4, 0x0000000008045398, 134501272, /Applications/ModusToolbox
RAM,Startup Stack & Link Script fill, fill, 800, 0x000000000804539c, 134501276, /Applications/ModusToolbox
RAM,Other, debug_macro, 2386, 0x0000000000000263, 611, ./RTE/WICED_WAF_APPS/bootloader.o
RAM,Other, debug_macro, 88, 0x0000000000000bb5, 2997, ./RTE/WICED_WAF_APPS/bootloader.o
RAM,Other, debug_macro, 34, 0x0000000000000c0d, 3085, ./RTE/WICED_WAF_APPS/bootloader.o
RAM,Other, debug_macro, 53, 0x0000000000000c2f, 3119, ./RTE/WICED_WAF_APPS/bootloader.o
RAM,Other, debug_macro, 156, 0x0000000000000c64, 3172, ./RTE/WICED_WAF_APPS/bootloader.o
RAM,Other, debug_macro, 22, 0x0000000000000d00, 3328, ./RTE/WICED_WAF_APPS/bootloader.o
RAM,Other, debug_macro, 74, 0x0000000000000d16, 3350, ./RTE/WICED_WAF_APPS/bootloader.o
RAM,Other, debug_macro, 151, 0x0000000000000d60, 3424, ./RTE/WICED_WAF_APPS/bootloader.o
RAM,Other, debug_macro, 634, 0x0000000000000df7, 3575, ./RTE/WICED_WAF_APPS/bootloader.o
RAM,Other, debug_macro, 246, 0x0000000000001071, 4209, ./RTE/WICED_WAF_APPS/bootloader.o
RAM,Other, debug_macro, 16, 0x0000000000001167, 4455, ./RTE/WICED_WAF_APPS/bootloader.o
RAM,Other, debug_macro, 82, 0x0000000000001177, 4471, ./RTE/WICED_WAF_APPS/bootloader.o
RAM,Other, debug_macro, 22, 0x00000000000011c9, 4553, ./RTE/WICED_WAF_APPS/bootloader.o
RAM,Other, debug_macro, 67, 0x00000000000011df, 4575, ./RTE/WICED_WAF_APPS/bootloader.o
RAM,Other, debug_macro, 384, 0x0000000000001222, 4642, ./RTE/WICED_WAF_APPS/bootloader.o
RAM,Other, debug_macro, 16, 0x00000000000013a2, 5026, ./RTE/WICED_WAF_APPS/bootloader.o
RAM,Other, debug_macro, 34, 0x00000000000013b2, 5042, ./RTE/WICED_WAF_APPS/bootloader.o
RAM,Other, debug_macro, 34, 0x00000000000013d4, 5076, ./RTE/WICED_WAF_APPS/bootloader.o
RAM,Other, debug_macro, 190, 0x00000000000013f6, 5110, ./RTE/WICED_WAF_APPS/bootloader.o
RAM,Other, debug_macro, 22, 0x00000000000014b4, 5300, ./RTE/WICED_WAF_APPS/bootloader.o
RAM,Other, debug_macro, 407, 0x00000000000014ca, 5322, ./RTE/WICED_WAF_APPS/bootloader.o
RAM,Other, debug_macro, 227, 0x0000000000001661, 5729, ./RTE/WICED_WAF_APPS/bootloader.o
RAM,Other, debug_macro, 479, 0x0000000000001744, 5956, ./RTE/WICED_WAF_APPS/bootloader.o
RAM,Other, debug_macro, 22, 0x0000000000001923, 6435, ./RTE/WICED_WAF_APPS/bootloader.o
RAM,Other, debug_macro, 53, 0x0000000000001939, 6457, ./RTE/WICED_WAF_APPS/bootloader.o
RAM,Other, debug_macro, 22, 0x000000000000196e, 6510, ./RTE/WICED_WAF_APPS/bootloader.o
RAM,Other, debug_macro, 41, 0x0000000000001984, 6532, ./RTE/WICED_WAF_APPS/bootloader.o
RAM,Other, debug_macro, 511, 0x00000000000019ad, 6573, ./RTE/WICED_WAF_APPS/bootloader.o
RAM,Other, debug_macro, 7464, 0x0000000000001bac, 7084, ./RTE/WICED_WAF_APPS/bootloader.o
RAM,Other, debug_macro, 16, 0x00000000000038d4, 14548, ./RTE/WICED_WAF_APPS/bootloader.o
RAM,Other, debug_macro, 150, 0x00000000000038e4, 14564, ./RTE/WICED_WAF_APPS/bootloader.o
RAM,Other, debug_macro, 64, 0x000000000000397a, 14714, ./RTE/WICED_WAF_APPS/bootloader.o
RAM,Other, debug_macro, 28, 0x00000000000039ba, 14778, ./RTE/WICED_WAF_APPS/bootloader.o
RAM,Other, debug_macro, 284, 0x00000000000039d6, 14806, ./RTE/WICED_WAF_APPS/bootloader.o
RAM,Other, debug_macro, 16, 0x0000000000003af2, 15090, ./RTE/WICED_WAF_APPS/bootloader.o
RAM,Other, debug_macro, 28, 0x0000000000003b02, 15106, ./RTE/WICED_WAF_APPS/bootloader.o
RAM,Other, debug_macro, 16, 0x0000000000003b1e, 15134, ./RTE/WICED_WAF_APPS/bootloader.o
RAM,Other, debug_macro, 16, 0x0000000000003b2e, 15150, ./RTE/WICED_WAF_APPS/bootloader.o
RAM,Other, debug_macro, 302, 0x0000000000003b3e, 15166, ./RTE/WICED_WAF_APPS/bootloader.o
RAM,Other, debug_macro, 34, 0x0000000000003c6c, 15468, ./RTE/WICED_WAF_APPS/bootloader.o
RAM,Other, debug_macro, 34, 0x0000000000003c8e, 15502, ./RTE/WICED_WAF_APPS/bootloader.o
RAM,Other, debug_macro, 16, 0x0000000000003cb0, 15536, ./RTE/WICED_WAF_APPS/bootloader.o
RAM,Other, debug_macro, 100, 0x0000000000003cc0, 15552, ./RTE/WICED_WAF_APPS/bootloader.o
RAM,Other, debug_macro, 61, 0x0000000000003d24, 15652, ./RTE/WICED_WAF_APPS/bootloader.o
RAM,Other, debug_macro, 28, 0x0000000000003d61, 15713, ./RTE/WICED_WAF_APPS/bootloader.o
RAM,Other, debug_macro, 52, 0x0000000000003d7d, 15741, ./RTE/WICED_WAF_APPS/bootloader.o
RAM,Other, debug_macro, 1912, 0x0000000000003db1, 15793, ./RTE/WICED_PLATFORM/platform.o
RAM,Other, debug_macro, 151, 0x0000000000004529, 17705, ./RTE/WICED_PLATFORM/platform.o
RAM,Other, debug_macro, 68, 0x00000000000045c0, 17856, ./RTE/WICED_PLATFORM/platform.o
RAM,Other, debug_macro, 365, 0x0000000000004604, 17924, ./RTE/WICED_PLATFORM/platform.o
RAM,Other, debug_macro, 59, 0x0000000000004771, 18289, ./RTE/WICED_PLATFORM/platform.o
RAM,Other, debug_macro, 40, 0x00000000000047ac, 18348, ./RTE/WICED_PLATFORM/platform.o
RAM,Other, debug_macro, 175, 0x00000000000047d4, 18388, ./RTE/WICED_PLATFORM/platform.o
RAM,Other, debug_macro, 4071, 0x0000000000004883, 18563, ./RTE/WICED_PLATFORM/platform.o
RAM,Other, debug_macro, 52, 0x000000000000586a, 22634, ./RTE/WICED_PLATFORM/platform.o
RAM,Other, debug_macro, 5477, 0x000000000000589e, 22686, ./RTE/WICED_PLATFORM/platform.o
RAM,Other, debug_macro, 2592, 0x0000000000006e03, 28163, ./RTE/WICED_PLATFORM/platform.o
RAM,Other, debug_macro, 690, 0x0000000000007823, 30755, ./RTE/WICED_PLATFORM/platform.o
RAM,Other, debug_macro, 1382, 0x0000000000007ad5, 31445, ./RTE/WICED_PLATFORM/platform.o
RAM,Other, debug_macro, 2235, 0x000000000000803b, 32827, ./RTE/WICED_PLATFORM/platform.o
RAM,Other, debug_macro, 1296, 0x00000000000088f6, 35062, ./RTE/WICED_PLATFORM/platform.o
RAM,Other, debug_macro, 214, 0x0000000000008e06, 36358, ./RTE/WICED_PLATFORM/platform.o
RAM,Other, debug_macro, 280, 0x0000000000008edc, 36572, ./RTE/WICED_PLATFORM/platform.o
RAM,Other, debug_macro, 1706, 0x0000000000008ff4, 36852, ./RTE/WICED_PLATFORM/platform.o
RAM,Other, debug_macro, 2682, 0x000000000000969e, 38558, ./RTE/WICED_PLATFORM/platform.o
RAM,Other, debug_macro, 2889, 0x000000000000a118, 41240, ./RTE/WICED_PLATFORM/platform.o
RAM,Other, debug_macro, 936, 0x000000000000ac61, 44129, ./RTE/WICED_PLATFORM/platform.o
RAM,Other, debug_macro, 481, 0x000000000000b009, 45065, ./RTE/WICED_PLATFORM/platform.o
RAM,Other, debug_macro, 1644, 0x000000000000b1ea, 45546, ./RTE/WICED_PLATFORM/platform.o
RAM,Other, debug_macro, 202, 0x000000000000b856, 47190, ./RTE/WICED_PLATFORM/platform.o
RAM,Other, debug_macro, 190, 0x000000000000b920, 47392, ./RTE/WICED_PLATFORM/platform.o
RAM,Other, debug_macro, 2531, 0x000000000000b9de, 47582, ./RTE/WICED_PLATFORM/platform.o
RAM,Other, debug_macro, 262, 0x000000000000c3c1, 50113, ./RTE/WICED_PLATFORM/platform.o
RAM,Other, debug_macro, 11480, 0x000000000000c4c7, 50375, ./RTE/WICED_PLATFORM/platform.o
RAM,Other, debug_macro, 652, 0x000000000000f19f, 61855, ./RTE/WICED_PLATFORM/platform.o
RAM,Other, debug_macro, 2352, 0x000000000000f42b, 62507, ./RTE/WICED_PLATFORM/platform.o
RAM,Other, debug_macro, 617, 0x000000000000fd5b, 64859, ./RTE/WICED_PLATFORM/platform.o
RAM,Other, debug_macro, 208, 0x000000000000ffc4, 65476, ./RTE/WICED_PLATFORM/platform.o
RAM,Other, debug_macro, 8630, 0x0000000000010094, 65684, ./RTE/WICED_PLATFORM/platform.o
RAM,Other, debug_macro, 1441, 0x000000000001224a, 74314, ./RTE/WICED_PLATFORM/platform.o
RAM,Other, debug_macro, 4154, 0x00000000000127eb, 75755, ./RTE/WICED_PLATFORM/platform.o
RAM,Other, debug_macro, 1318, 0x0000000000013825, 79909, ./RTE/WICED_PLATFORM/platform.o
RAM,Other, debug_macro, 268, 0x0000000000013d4b, 81227, ./RTE/WICED_PLATFORM/platform.o
RAM,Other, debug_macro, 3449, 0x0000000000013e57, 81495, ./RTE/WICED_PLATFORM/platform.o
RAM,Other, debug_macro, 358, 0x0000000000014bd0, 84944, ./RTE/WICED_PLATFORM/platform.o
RAM,Other, debug_macro, 1303, 0x0000000000014d36, 85302, ./RTE/WICED_PLATFORM/platform.o
RAM,Other, debug_macro, 557, 0x000000000001524d, 86605, ./RTE/WICED_PLATFORM/platform.o
RAM,Other, debug_macro, 3777, 0x000000000001547a, 87162, ./RTE/WICED_PLATFORM/platform.o
RAM,Other, debug_macro, 24, 0x000000000001633b, 90939, ./RTE/WICED_PLATFORM/platform.o
RAM,Other, debug_macro, 34, 0x0000000000016353, 90963, ./RTE/WICED_PLATFORM/platform.o
RAM,Other, debug_macro, 767, 0x0000000000016375, 90997, ./RTE/WICED_PLATFORM/platform.o
RAM,Other, debug_macro, 760, 0x0000000000016674, 91764, ./RTE/WICED_PLATFORM/platform.o
RAM,Other, debug_macro, 67, 0x000000000001696c, 92524, ./RTE/WICED_PLATFORM/platform.o
RAM,Other, debug_macro, 711, 0x00000000000169af, 92591, ./RTE/WICED_PLATFORM/platform.o
RAM,Other, debug_macro, 67, 0x0000000000016c76, 93302, ./RTE/WICED_PLATFORM/platform.o
RAM,Other, debug_macro, 94, 0x0000000000016cb9, 93369, ./RTE/WICED_PLATFORM/platform.o
RAM,Other, debug_macro, 641, 0x0000000000016d17, 93463, ./RTE/WICED_PLATFORM/platform.o
RAM,Other, debug_macro, 410, 0x0000000000016f98, 94104, ./RTE/WICED_PLATFORM/platform.o
RAM,Other, debug_macro, 767, 0x0000000000017132, 94514, ./RTE/WICED_PLATFORM/platform.o
RAM,Other, debug_macro, 270, 0x0000000000017431, 95281, ./RTE/WICED_PLATFORM/platform.o
RAM,Other, debug_macro, 242, 0x000000000001753f, 95551, ./RTE/WICED_PLATFORM/platform.o
RAM,Other, debug_macro, 284, 0x0000000000017631, 95793, ./RTE/WICED_PLATFORM/platform.o
RAM,Other, debug_macro, 305, 0x000000000001774d, 96077, ./RTE/WICED_PLATFORM/platform.o
RAM,Other, debug_macro, 234, 0x000000000001787e, 96382, ./RTE/WICED_PLATFORM/platform.o
RAM,Other, debug_macro, 249, 0x0000000000017968, 96616, ./RTE/WICED_PLATFORM/platform.o
RAM,Other, debug_macro, 28, 0x0000000000017a61, 96865, ./RTE/WICED_PLATFORM/platform.o
RAM,Other, debug_macro, 40, 0x0000000000017a7d, 96893, ./RTE/WICED_PLATFORM/platform.o
RAM,Other, debug_macro, 144, 0x0000000000017aa5, 96933, ./RTE/WICED_PLATFORM/platform.o
RAM,Other, debug_macro, 238, 0x0000000000017b35, 97077, ./RTE/WICED_PLATFORM/platform.o
RAM,Other, debug_macro, 60, 0x0000000000017c23, 97315, ./RTE/WICED_PLATFORM/platform.o
RAM,Other, debug_macro, 34, 0x0000000000017c5f, 97375, ./RTE/WICED_PLATFORM/platform.o
RAM,Other, debug_macro, 122, 0x0000000000017c81, 97409, ./RTE/WICED_PLATFORM/platform.o
RAM,Other, debug_macro, 284, 0x0000000000017cfb, 97531, ./RTE/WICED_PLATFORM/platform.o
RAM,Other, debug_macro, 144, 0x0000000000017e17, 97815, ./RTE/WICED_PLATFORM/platform.o
RAM,Other, debug_macro, 67, 0x0000000000017ea7, 97959, ./RTE/WICED_PLATFORM/platform.o
RAM,Other, debug_macro, 137, 0x0000000000017eea, 98026, ./RTE/WICED_PLATFORM/platform.o
RAM,Other, debug_macro, 38, 0x0000000000017f73, 98163, ./RTE/WICED_PLATFORM/platform.o
RAM,Other, debug_macro, 46, 0x0000000000017f99, 98201, ./RTE/WICED_PLATFORM/platform.o
RAM,Other, debug_macro, 361, 0x0000000000017fc7, 98247, ./RTE/WICED_PLATFORM/platform.o
RAM,Other, debug_macro, 48, 0x0000000000018130, 98608, ./RTE/WICED_PLATFORM/platform.o
RAM,Other, debug_macro, 28, 0x0000000000018160, 98656, ./RTE/WICED_PLATFORM/platform.o
RAM,Other, debug_macro, 223004, 0x000000000001817c, 98684, ./RTE/WICED_PLATFORM/platform.o
RAM,Other, debug_macro, 1520, 0x000000000004e898, 321688, ./RTE/WICED_PLATFORM/platform.o
RAM,Other, debug_macro, 64, 0x000000000004ee88, 323208, ./RTE/WICED_PLATFORM/platform.o
RAM,Other, debug_macro, 6955, 0x000000000004eec8, 323272, ./RTE/WICED_PLATFORM/platform.o
RAM,Other, debug_macro, 46, 0x00000000000509f3, 330227, ./RTE/WICED_PLATFORM/platform.o
RAM,Other, debug_macro, 52, 0x0000000000050a21, 330273, ./RTE/WICED_PLATFORM/platform.o
RAM,Other, debug_macro, 52, 0x0000000000050a55, 330325, ./RTE/WICED_PLATFORM/platform.o
RAM,Other, debug_macro, 22, 0x0000000000050a89, 330377, ./RTE/WICED_PLATFORM/platform.o
RAM,Other, debug_macro, 52, 0x0000000000050a9f, 330399, ./RTE/WICED_PLATFORM/platform.o
RAM,Other, debug_macro, 2346, 0x0000000000050ad3, 330451, ./RTE/WICED_PLATFORM/platform.o
RAM,Other, debug_macro, 582, 0x00000000000513fd, 332797, ./RTE/WICED_PLATFORM/platform.o
RAM,Other, debug_macro, 46, 0x0000000000051643, 333379, ./RTE/WICED_PLATFORM/platform.o
RAM,Other, debug_macro, 58, 0x0000000000051671, 333425, ./RTE/WICED_PLATFORM/platform.o
RAM,Other, debug_macro, 2554, 0x00000000000516ab, 333483, ./RTE/WICED_PLATFORM/platform.o
RAM,Other, debug_macro, 390, 0x00000000000520a5, 336037, ./RTE/WICED_PLATFORM/platform.o
RAM,Other, debug_macro, 28, 0x000000000005222b, 336427, ./RTE/WICED_PLATFORM/platform.o
RAM,Other, debug_macro, 3698, 0x0000000000052247, 336455, ./RTE/WICED_PLATFORM/platform.o
RAM,Other, debug_macro, 46, 0x00000000000530b9, 340153, ./RTE/WICED_PLATFORM/platform.o
RAM,Other, debug_macro, 22, 0x00000000000530e7, 340199, ./RTE/WICED_PLATFORM/platform.o
RAM,Other, debug_macro, 378, 0x00000000000530fd, 340221, ./RTE/WICED_PLATFORM/platform.o
RAM,Other, debug_macro, 58, 0x0000000000053277, 340599, ./RTE/WICED_PLATFORM/platform.o
RAM,Other, debug_macro, 88, 0x00000000000532b1, 340657, ./RTE/WICED_PLATFORM/platform.o
RAM,Other, debug_macro, 16, 0x0000000000053309, 340745, ./RTE/WICED_PLATFORM/platform.o
RAM,Other, debug_macro, 277, 0x0000000000053319, 340761, ./RTE/WICED_PLATFORM/platform.o
RAM,Other, debug_macro, 34, 0x000000000005342e, 341038, ./RTE/WICED_PLATFORM/platform.o
RAM,Other, debug_macro, 28, 0x0000000000053450, 341072, ./RTE/WICED_PLATFORM/platform.o
RAM,Other, debug_macro, 1343, 0x000000000005346c, 341100, ./RTE/WICED_MCU/SDIO_HOST.o
RAM,Other, debug_macro, 760, 0x00000000000539ab, 342443, ./RTE/WICED_MCU/SDIO_HOST.o
RAM,Other, debug_macro, 417, 0x0000000000053ca3, 343203, ./RTE/WICED_MCU/SDIO_HOST.o
RAM,Other, debug_macro, 22, 0x0000000000053e44, 343620, ./RTE/WICED_MCU/SDIO_HOST.o
RAM,Other, debug_macro, 504, 0x0000000000053e5a, 343642, ./RTE/WICED_MCU/SDIO_HOST.o
RAM,Other, debug_macro, 1117, 0x0000000000054052, 344146, ./RTE/WICED_MCU/cy_flash.o
RAM,Other, debug_macro, 88, 0x00000000000544af, 345263, ./RTE/WICED_MCU/cy_flash.o
RAM,Other, debug_macro, 562, 0x0000000000054507, 345351, ./RTE/WICED_MCU/cy_gpio.o
RAM,Other, debug_macro, 574, 0x0000000000054739, 345913, ./RTE/WICED_MCU/cy_ipc_drv.o
RAM,Other, debug_macro, 610, 0x0000000000054977, 346487, ./RTE/WICED_MCU/cy_ipc_pipe.o
RAM,Other, debug_macro, 762, 0x0000000000054bd9, 347097, ./RTE/WICED_MCU/cy_ipc_sema.o
RAM,Other, debug_macro, 573, 0x0000000000054ed3, 347859, ./RTE/WICED_MCU/cy_scb_common.o
RAM,Other, debug_macro, 587, 0x0000000000055110, 348432, ./RTE/WICED_MCU/cy_smif.o
RAM,Other, debug_macro, 522, 0x000000000005535b, 349019, ./RTE/WICED_MCU/cy_smif.o
RAM,Other, debug_macro, 599, 0x0000000000055565, 349541, ./RTE/WICED_MCU/cy_smif_memslot.o
RAM,Other, debug_macro, 933, 0x00000000000557bc, 350140, ./RTE/WICED_MCU/cy_smif_memslot.o
RAM,Other, debug_macro, 813, 0x0000000000055b61, 351073, ./RTE/WICED_MCU/cy_syslib.o
RAM,Other, debug_macro, 547, 0x0000000000055e8e, 351886, ./RTE/WICED_MCU/cy_wdt.o
RAM,Other, debug_macro, 60, 0x00000000000560b1, 352433, ./RTE/WICED_MCU/cy_wdt.o
RAM,Other, debug_macro, 1910, 0x00000000000560ed, 352493, ./RTE/WICED_MCU/platform_gpio.o
RAM,Other, debug_macro, 1589, 0x0000000000056863, 354403, ./RTE/WICED_MCU/platform_init.o
RAM,Other, debug_macro, 2132, 0x0000000000056e98, 355992, ./RTE/WICED_MCU/platform_pdm_pcm.o
RAM,Other, debug_macro, 2038, 0x00000000000576ec, 358124, ./RTE/WICED_MCU/platform_uart.o
RAM,Other, debug_macro, 1559, 0x0000000000057ee2, 360162, ./RTE/WICED_MCU/platform_unhandled_isr.o
RAM,Interrupt Vectors, debug_macro, 602, 0x00000000000584f9, 361721, ./RTE/WICED_MCU/platform_vector_table.o
RAM,Other, debug_macro, 1875, 0x0000000000058753, 362323, ./RTE/WICED_MCU/platform_watchdog.o
RAM,Other, debug_macro, 84, 0x0000000000058ea6, 364198, ./RTE/WICED_MCU/psoc62_cm0plus_image.o
RAM,Other, debug_macro, 719, 0x0000000000058efa, 364282, ./RTE/WICED_MCU/system_psoc62_cm4.o
RAM,Other, debug_macro, 2043, 0x00000000000591c9, 365001, ./RTE/WICED_MCU/waf_platform.o
RAM,Other, debug_macro, 58, 0x00000000000599c4, 367044, ./RTE/WICED_MCU/waf_platform.o
RAM,Other, debug_macro, 1993, 0x00000000000599fe, 367102, ./RTE/WICED_MCU/wwd_SDIO.o
RAM,Other, debug_macro, 22, 0x000000000005a1c7, 369095, ./RTE/WICED_MCU/wwd_SDIO.o
RAM,Other, debug_macro, 54, 0x000000000005a1dd, 369117, ./RTE/WICED_MCU/wwd_SDIO.o
RAM,Other, debug_macro, 46, 0x000000000005a213, 369171, ./RTE/WICED_MCU/wwd_SDIO.o
RAM,Other, debug_macro, 130, 0x000000000005a241, 369217, ./RTE/WICED_MCU/wwd_SDIO.o
RAM,Other, debug_macro, 123, 0x000000000005a2c3, 369347, ./RTE/WICED_LIB_BASE/crc.o
RAM,Other, debug_macro, 446, 0x000000000005a33e, 369470, ./RTE/WICED_LIB_BASE/ring_buffer.o
RAM,Other, debug_macro, 615, 0x000000000005a4fc, 369916, ./RTE/WICED_DRIVER_BASE/cy_smif_memconfig.o
RAM,Other, debug_macro, 2146, 0x000000000005a763, 370531, ./RTE/WICED_DRIVER_BASE/spi_flash.o
RAM,platform, debug_macro, 789, 0x000000000005afc5, 372677, ./RTE/WICED_BASE/crt0_GCC.o
RAM,Other, debug_macro, 560, 0x000000000005b2da, 373466, ./RTE/WICED_BASE/mem_newlib.o
RAM,Other, debug_macro, 16, 0x000000000005b50a, 374026, ./RTE/WICED_BASE/mem_newlib.o
RAM,Other, debug_macro, 571, 0x000000000005b51a, 374042, ./RTE/WICED_BASE/mem_newlib.o
RAM,Other, debug_macro, 16, 0x000000000005b755, 374613, ./RTE/WICED_BASE/mem_newlib.o
RAM,Other, debug_macro, 16, 0x000000000005b765, 374629, ./RTE/WICED_BASE/mem_newlib.o
RAM,Other, debug_macro, 16, 0x000000000005b775, 374645, ./RTE/WICED_BASE/mem_newlib.o
RAM,Other, debug_macro, 16, 0x000000000005b785, 374661, ./RTE/WICED_BASE/mem_newlib.o
RAM,Other, debug_macro, 53, 0x000000000005b795, 374677, ./RTE/WICED_BASE/mem_newlib.o
RAM,Other, debug_macro, 290, 0x000000000005b7ca, 374730, ./RTE/WICED_BASE/mem_newlib.o
RAM,Other, debug_macro, 22, 0x000000000005b8ec, 375020, ./RTE/WICED_BASE/mem_newlib.o
RAM,Other, debug_macro, 1271, 0x000000000005b902, 375042, ./RTE/WICED_BASE/mem_newlib.o
RAM,Other, debug_macro, 16, 0x000000000005bdf9, 376313, ./RTE/WICED_BASE/mem_newlib.o
RAM,Other, debug_macro, 60, 0x000000000005be09, 376329, ./RTE/WICED_BASE/mem_newlib.o
RAM,Other, debug_macro, 386, 0x000000000005be45, 376389, ./RTE/WICED_BASE/mem_newlib.o
RAM,Other, debug_macro, 659, 0x000000000005bfc7, 376775, ./RTE/WICED_BASE/noos.o
RAM,Other, debug_macro, 619, 0x000000000005c25a, 377434, ./RTE/WICED_BASE/wiced_apps_common.o
RAM,Other, debug_macro, 2053, 0x000000000005c4c5, 378053, ./RTE/WICED_BASE/wiced_dct_internal_common.o
RAM,Other, debug_macro, 2025, 0x000000000005ccca, 380106, ./RTE/WICED_BASE/wiced_dct_update.o
RAM,Other, debug_macro, 2028, 0x000000000005d4b3, 382131, ./RTE/WICED_BASE/wiced_waf_common.o
RAM,Other, debug_macro, 225, 0x000000000005dc9f, 384159, ./RTE/WICED_BASE/wwd_rtos.o
FLASH,RAM Initialisation, RAM Initialisation - fast, 384, 0x00000000100066f4, 268461812, 
FLASH,RAM Initialisation, RAM Initialisation - data, 2444, 0x0000000010006874, 268462196, 
FLASH,RAM Initialisation, RAM Initialisation - noinit, 80, 0x0000000010007200, 268464640, 

BLEPublisher_bootloader
----------------------------------,--------,---------
                                  ,        ,  Static 
Module                            , Flash  ,   RAM   
----------------------------------,--------,---------
Interrupt Vectors                 ,     652,     602
Other                             ,   19487,  387387
platform                          ,     204,     789
RAM Initialisation                ,    2908,       0
Startup Stack & Link Script fill  ,      41,     815
----------------------------------,--------,---------
TOTAL (bytes)                     ,   20384,    5820
----------------------------------,--------,---------

